<ImportExportXml version="9.2.23072.162" SolutionPackageVersion="9.2" languagecode="1031" generatedBy="CrmLive" xmlns:xsi="http://www.w3.org/2001/XMLSchema-instance">
  <SolutionManifest>
    <UniqueName>Nursy365</UniqueName>
    <LocalizedNames>
      <LocalizedName description="Nursy 365" languagecode="1031" />
    </LocalizedNames>
    <Descriptions />
    <Version>1.0.0.4</Version>
    <Managed>0</Managed>
    <Publisher>
      <UniqueName>Nursy</UniqueName>
      <LocalizedNames>
        <LocalizedName description="Nursy" languagecode="1031" />
      </LocalizedNames>
      <Descriptions />
      <EMailAddress xsi:nil="true"></EMailAddress>
      <SupportingWebsiteUrl xsi:nil="true"></SupportingWebsiteUrl>
      <CustomizationPrefix>nursy</CustomizationPrefix>
      <CustomizationOptionValuePrefix>48337</CustomizationOptionValuePrefix>
      <Addresses>
        <Address>
          <AddressNumber>1</AddressNumber>
          <AddressTypeCode>1</AddressTypeCode>
          <City xsi:nil="true"></City>
          <County xsi:nil="true"></County>
          <Country xsi:nil="true"></Country>
          <Fax xsi:nil="true"></Fax>
          <FreightTermsCode xsi:nil="true"></FreightTermsCode>
          <ImportSequenceNumber xsi:nil="true"></ImportSequenceNumber>
          <Latitude xsi:nil="true"></Latitude>
          <Line1 xsi:nil="true"></Line1>
          <Line2 xsi:nil="true"></Line2>
          <Line3 xsi:nil="true"></Line3>
          <Longitude xsi:nil="true"></Longitude>
          <Name xsi:nil="true"></Name>
          <PostalCode xsi:nil="true"></PostalCode>
          <PostOfficeBox xsi:nil="true"></PostOfficeBox>
          <PrimaryContactName xsi:nil="true"></PrimaryContactName>
          <ShippingMethodCode>1</ShippingMethodCode>
          <StateOrProvince xsi:nil="true"></StateOrProvince>
          <Telephone1 xsi:nil="true"></Telephone1>
          <Telephone2 xsi:nil="true"></Telephone2>
          <Telephone3 xsi:nil="true"></Telephone3>
          <TimeZoneRuleVersionNumber xsi:nil="true"></TimeZoneRuleVersionNumber>
          <UPSZone xsi:nil="true"></UPSZone>
          <UTCOffset xsi:nil="true"></UTCOffset>
          <UTCConversionTimeZoneCode xsi:nil="true"></UTCConversionTimeZoneCode>
        </Address>
        <Address>
          <AddressNumber>2</AddressNumber>
          <AddressTypeCode>1</AddressTypeCode>
          <City xsi:nil="true"></City>
          <County xsi:nil="true"></County>
          <Country xsi:nil="true"></Country>
          <Fax xsi:nil="true"></Fax>
          <FreightTermsCode xsi:nil="true"></FreightTermsCode>
          <ImportSequenceNumber xsi:nil="true"></ImportSequenceNumber>
          <Latitude xsi:nil="true"></Latitude>
          <Line1 xsi:nil="true"></Line1>
          <Line2 xsi:nil="true"></Line2>
          <Line3 xsi:nil="true"></Line3>
          <Longitude xsi:nil="true"></Longitude>
          <Name xsi:nil="true"></Name>
          <PostalCode xsi:nil="true"></PostalCode>
          <PostOfficeBox xsi:nil="true"></PostOfficeBox>
          <PrimaryContactName xsi:nil="true"></PrimaryContactName>
          <ShippingMethodCode>1</ShippingMethodCode>
          <StateOrProvince xsi:nil="true"></StateOrProvince>
          <Telephone1 xsi:nil="true"></Telephone1>
          <Telephone2 xsi:nil="true"></Telephone2>
          <Telephone3 xsi:nil="true"></Telephone3>
          <TimeZoneRuleVersionNumber xsi:nil="true"></TimeZoneRuleVersionNumber>
          <UPSZone xsi:nil="true"></UPSZone>
          <UTCOffset xsi:nil="true"></UTCOffset>
          <UTCConversionTimeZoneCode xsi:nil="true"></UTCConversionTimeZoneCode>
        </Address>
      </Addresses>
    </Publisher>
    <RootComponents>
      <RootComponent type="1" schemaName="nursy_assignmentplan" behavior="0" />
      <RootComponent type="1" schemaName="nursy_associatedconditionsassignment" behavior="0" />
      <RootComponent type="1" schemaName="nursy_associatedconditionslibrary" behavior="0" />
      <RootComponent type="1" schemaName="nursy_careplan" behavior="0" />
      <RootComponent type="1" schemaName="nursy_etiologiesassignment" behavior="0" />
      <RootComponent type="1" schemaName="nursy_etiologylibrary" behavior="0" />
      <RootComponent type="1" schemaName="nursy_executableinterventions" behavior="0" />
      <RootComponent type="1" schemaName="nursy_nurse" behavior="0" />
      <RootComponent type="1" schemaName="nursy_nursingassignment" behavior="0" />
      <RootComponent type="1" schemaName="nursy_nursingdiagnosis" behavior="0" />
      <RootComponent type="1" schemaName="nursy_nursingdiagnosisassignment" behavior="0" />
      <RootComponent type="1" schemaName="nursy_nursinginterventionassignment" behavior="0" />
      <RootComponent type="1" schemaName="nursy_nursinginterventionlibrary" behavior="0" />
      <RootComponent type="1" schemaName="nursy_nursingoutcomeassignment" behavior="0" />
      <RootComponent type="1" schemaName="nursy_nursingoutcomelibrary" behavior="0" />
      <RootComponent type="1" schemaName="nursy_patient" behavior="0" />
      <RootComponent type="1" schemaName="nursy_renderedservice" behavior="0" />
      <RootComponent type="1" schemaName="nursy_riskpopulationassignment" behavior="0" />
      <RootComponent type="1" schemaName="nursy_riskpopulationlibrary" behavior="0" />
      <RootComponent type="1" schemaName="nursy_signsassignment" behavior="0" />
      <RootComponent type="1" schemaName="nursy_signslibrary" behavior="0" />
      <RootComponent type="9" schemaName="nursy_keysavailable" behavior="0" />
      <RootComponent type="29" id="{299607b1-ac6c-ed11-81ac-000d3a83166e}" behavior="0" />
      <RootComponent type="29" id="{386a52c5-de9f-41e2-9a9d-6f5502adb475}" behavior="0" />
      <RootComponent type="29" id="{49db120b-a96c-ed11-81ac-000d3a83015d}" behavior="0" />
      <RootComponent type="29" id="{5dcdd1f6-a56c-ed11-81ac-000d3a83166e}" behavior="0" />
      <RootComponent type="29" id="{694091a4-fd6c-ed11-81ac-000d3a83166e}" behavior="0" />
      <RootComponent type="29" id="{6df81180-a96c-ed11-81ac-000d3a83166e}" behavior="0" />
      <RootComponent type="29" id="{8e737513-af6c-ed11-81ac-000d3a83166e}" behavior="0" />
      <RootComponent type="29" id="{9c58a89f-a66c-ed11-81ac-000d3a83166e}" behavior="0" />
      <RootComponent type="62" schemaName="nursy_Nursy365" behavior="0" />
      <RootComponent type="80" schemaName="nursy_Nursy365" behavior="0" />
    </RootComponents>
    <MissingDependencies>
      <MissingDependency>
        <Required type="61" schemaName="msdyn_/Images/AppModule_Default_Icon.png" displayName="msdyn_/Images/AppModule_Default_Icon.png" solution="AppModuleWebResources (2.5)" />
        <Dependent type="80" schemaName="nursy_Nursy365" displayName="Nursy 365" />
      </MissingDependency>
      <MissingDependency>
        <Required type="66" schemaName="MscrmControls.OptionSet.OptionSetControl" displayName="MscrmControls.OptionSet.OptionSetControl" solution="CustomControlsCore (9.2.23072.00162)" />
        <Dependent type="60" displayName="Informationen" parentDisplayName="Pflege Einsatz" id="{e6f94899-e8d4-425d-80f8-a61304c85da5}" />
      </MissingDependency>
    </MissingDependencies>
  </SolutionManifest>
</ImportExportXml>